PWS Name,Zipcode,City
AURORA CITY OF,80016,Auroa
CLIFTON WD,81520,Clifton
GRANDVIEW MHP,80133,Palmer Lake
LITTLE GEM MHP,80866,Woodland Park
301 BROADWAY AVE,81101,Alamosa
ALPINE VILLAGE MHP,80127,Littleton
ALTA VISTA PARK,80451,Hot Sulphur Springs
ARROWHEAD MHP,80918,Colorado Springs
CIRCLE DRIVE MOBILE HOME PARK,80906,Colorado Springs
COTTONWOOD MOBILE HOME PARK,81101,Alamosa
DOWNIEVILLE TRAILER PARK,80436,Dumont
ELEVADO ESTATES LLC,80228,Lakewood
EMPIRE JUNCTION MHP,80438,Empire
ENGLEWOOD CITY OF,80110,Englewood
FOXRIDGE FARMS MHP,80120,Littleton
GRAND VIEW MHP,80808,Calhan
INSPIRATION VALLEY MHP,80228,Lakewood
JOHNSON TRAILER PARK,89634,Alamosa
LOVELAND CITY OF,80537,Loveland
MAY ROSE LANE MOBILE HOME PARK,81301,Durango
MONHEISER MOBILE HOME PARK,80751,Sterling
MOUNTAIN VALLEY ESTATES,80461,Leadville
OLD HOMESTEAD MHP,81303,Durango
OVERLAND MOBILE HOME PARK,80521,Laporte
SECURITY MHP,80817,Colorado Springs
SHERIDAN MHP,80228,Lakewood
STEWARTS MOBILE HOME PARK,80610,Ault
VALDEZ MOBILE HOME PARK,80436,Dumont
WIKIUP MHP,80228,Lakewood
DURANGO CITY OF,81301,Durango
IDALIA SCHOOL,80735,Idalia
UTE WCD,81502,Grand Junction
DIVIDE WATER PROVIDERS INC,80814,Divide
